State,District,Adult_Updates,New_Enrolments_0_5,Biometric_Updates,Migration_Intensity_Index
100000,100000,2.0,0.0,0.0,0.00048642509175193295
Andaman & Nicobar Islands,Andamans,743.0,70.0,343.0,0.1807069215858431
Andaman & Nicobar Islands,Nicobars,4.0,1.0,1.0,0.0009728501835038659
Andaman & Nicobar Islands,South Andaman,299.0,38.0,61.0,0.07272055121691398
Andaman and Nicobar Islands,Nicobar,729.0,64.0,992.0,0.17730194594357956
Andaman and Nicobar Islands,North And Middle Andaman,1897.0,128.0,3780.0,0.46137419952670844
Andaman and Nicobar Islands,South Andaman,2957.0,178.0,6629.0,0.7191794981552329
Andhra Pradesh,Adilabad,26695.0,1137.0,12208.0,6.492558912158924
Andhra Pradesh,Alluri Sitharama Raju,11302.0,1105.0,8438.0,2.748788193490173
Andhra Pradesh,Anakapalli,11688.0,523.0,3542.0,2.842668236198296
Andhra Pradesh,Anantapur,59789.0,4089.0,35834.0,14.541434905378159
Andhra Pradesh,Ananthapur,20934.0,1843.0,64082.0,5.091411435367482
Andhra Pradesh,Ananthapuramu,44132.0,3018.0,90533.0,10.733456074598152
Andhra Pradesh,Annamayya,27845.0,868.0,5790.0,6.772253339916285
Andhra Pradesh,Bapatla,11506.0,421.0,3899.0,2.79840355284887
Andhra Pradesh,Chittoor,140927.0,7493.0,168710.0,34.275214452662325
Andhra Pradesh,Cuddapah,72593.0,5519.0,115127.0,17.655528342774033
Andhra Pradesh,Dr. B. R. Ambedkar Konaseema,12404.0,618.0,4352.0,3.016808419045488
Andhra Pradesh,East Godavari,136935.0,7161.0,204904.0,33.30430996952547
Andhra Pradesh,Eluru,15238.0,568.0,4288.0,3.706072774057977
Andhra Pradesh,Guntur,155195.0,8769.0,187665.0,37.745371057220616
Andhra Pradesh,Hyderabad,31824.0,3831.0,23363.0,7.7399960599567565
Andhra Pradesh,K.V.Rangareddy,470.0,55.0,168.0,0.11430989656170425
Andhra Pradesh,K.v. Rangareddy,134.0,15.0,216.0,0.03259048114737951
Andhra Pradesh,Kakinada,24648.0,858.0,7141.0,5.994702830750821
Andhra Pradesh,Karim Nagar,1069.0,71.0,387.0,0.25999421154140817
Andhra Pradesh,Karimnagar,9364.0,552.0,4338.0,2.2774422795825497
Andhra Pradesh,Khammam,27720.0,869.0,15536.0,6.741851771681791
Andhra Pradesh,Krishna,98390.0,6163.0,146788.0,23.92968238873634
Andhra Pradesh,Kurnool,148267.0,10923.0,242992.0,36.06039453939192
Andhra Pradesh,Mahabub Nagar,12369.0,1079.0,822.0,3.0082959799398292
Andhra Pradesh,Mahabubnagar,68.0,7.0,39.0,0.01653845311956572
Andhra Pradesh,Mahbubnagar,8643.0,511.0,3060.0,2.102086034005978
Andhra Pradesh,Medak,11252.0,1176.0,6281.0,2.7366275661963746
Andhra Pradesh,N. T. R,33352.0,790.0,6788.0,8.111624830055234
Andhra Pradesh,Nalgonda,28221.0,951.0,5640.0,6.8637012571656495
Andhra Pradesh,Nandyal,22587.0,860.0,6337.0,5.493441773700455
Andhra Pradesh,Nellore,61012.0,4611.0,99065.0,14.838883848984466
Andhra Pradesh,Nizamabad,4813.0,453.0,3452.0,1.1705819833010267
Andhra Pradesh,Palnadu,21540.0,759.0,6007.0,5.238798238168318
Andhra Pradesh,Parvathipuram Manyam,7880.0,464.0,5090.0,1.9165148615026157
Andhra Pradesh,Prakasam,104979.0,6405.0,136533.0,25.532209853513084
Andhra Pradesh,Rangareddi,18676.0,1478.0,13261.0,4.54223750677955
Andhra Pradesh,Spsr Nellore,0.0,1167.0,0.0,0.0
Andhra Pradesh,Sri Potti Sriramulu Nellore,19020.0,689.0,6668.0,4.625902622560883
Andhra Pradesh,Sri Sathya Sai,18154.0,879.0,5704.0,4.415280557832295
Andhra Pradesh,Srikakulam,111384.0,4157.0,125178.0,27.08998620984865
Andhra Pradesh,Tirupati,28462.0,802.0,5633.0,6.922315480721758
Andhra Pradesh,Visakhapatanam,0.0,186.0,0.0,0.0
Andhra Pradesh,Visakhapatnam,137329.0,7688.0,195385.0,33.4001357126006
Andhra Pradesh,Vizianagaram,67818.0,3695.0,101296.0,16.494188436216294
Andhra Pradesh,Warangal,31161.0,858.0,13746.0,7.578746142040991
Andhra Pradesh,West Godavari,112548.0,5568.0,139979.0,27.37308561324827
Andhra Pradesh,Y. S. R,24025.0,738.0,5183.0,5.843181414670094
Arunachal Pradesh,Anjaw,632.0,23.0,675.0,0.1537103289936108
Arunachal Pradesh,Changlang,4969.0,486.0,5436.0,1.2085231404576773
Arunachal Pradesh,Dibang Valley,132.0,7.0,313.0,0.03210405605562758
Arunachal Pradesh,East Kameng,1130.0,88.0,2690.0,0.2748301768398421
Arunachal Pradesh,East Siang,2080.0,80.0,2242.0,0.5058820954220102
Arunachal Pradesh,Kamle,254.0,3.0,57.0,0.06177598665249548
Arunachal Pradesh,Kra Daadi,369.0,18.0,717.0,0.08974542942823163
Arunachal Pradesh,Kurung Kumey,229.0,19.0,1299.0,0.05569567300559632
Arunachal Pradesh,Leparada,15.0,0.0,34.0,0.0036481881881394967
Arunachal Pradesh,Lohit,1654.0,102.0,1796.0,0.4022735508788486
Arunachal Pradesh,Longding,1222.0,141.0,1611.0,0.297205731060431
Arunachal Pradesh,Lower Dibang Valley,971.0,58.0,1373.0,0.23615938204556344
Arunachal Pradesh,Lower Siang,269.0,10.0,359.0,0.06542417484063498
Arunachal Pradesh,Lower Subansiri,1323.0,50.0,1530.0,0.3217701981939036
Arunachal Pradesh,Namsai,1914.0,95.0,3561.0,0.4655088128065998
Arunachal Pradesh,Pakke Kessang,73.0,2.0,30.0,0.01775451584894555
Arunachal Pradesh,Papum Pare,4152.0,201.0,4835.0,1.0098184904770129
Arunachal Pradesh,Shi-yomi,195.0,8.0,210.0,0.04742644644581346
Arunachal Pradesh,Siang,602.0,39.0,880.0,0.1464139526173318
Arunachal Pradesh,Tawang,742.0,104.0,1866.0,0.1804637090399671
Arunachal Pradesh,Tirap,894.0,59.0,1371.0,0.21743201601311402
Arunachal Pradesh,Upper Siang,1122.0,21.0,1235.0,0.27288447647283437
Arunachal Pradesh,Upper Subansiri,1202.0,76.0,2462.0,0.2923414801429117
Arunachal Pradesh,West Kameng,1484.0,157.0,2967.0,0.3609274180799342
Arunachal Pradesh,West Siang,3031.0,110.0,3345.0,0.7371772265500544
Assam,Bajali,787.0,19.0,6.0,0.19140827360438561
Assam,Baksa,15666.0,2120.0,11602.0,3.8101677436928902
Assam,Barpeta,54164.0,10545.0,66392.0,13.173364334825848
Assam,Biswanath,10181.0,789.0,6159.0,2.4761469295632144
Assam,Bongaigaon,35806.0,2324.0,24633.0,8.708468417634856
Assam,Cachar,52941.0,11474.0,42167.0,12.875915391219541
Assam,Charaideo,9150.0,659.0,6096.0,2.2253947947650934
Assam,Chirang,12222.0,2013.0,18078.0,2.9725437356960622
Assam,Darrang,25132.0,4390.0,16240.0,6.112417702954789
Assam,Dhemaji,20422.0,3864.0,12494.0,4.966886611878987
Assam,Dhubri,73614.0,8432.0,40373.0,17.903848352113396
Assam,Dibrugarh,24645.0,3895.0,14970.0,5.993973193113193
Assam,Dima Hasao,264.0,119.0,11.0,0.06420811211125516
Assam,Goalpara,36242.0,6881.0,17021.0,8.814509087636777
Assam,Golaghat,25926.0,5537.0,12369.0,6.305528464380307
Assam,Hailakandi,19049.0,3826.0,14201.0,4.632955786391285
Assam,Hojai,22937.0,5288.0,15271.0,5.578566164757043
Assam,Jorhat,18522.0,2905.0,10704.0,4.504782774714651
Assam,Kamrup,41318.0,9311.0,30056.0,10.049055970503181
Assam,Kamrup Metro,23883.0,2654.0,14584.0,5.808645233155707
Assam,Karbi Anglong,28683.0,2918.0,25507.0,6.976065453360346
Assam,Karimganj,37279.0,9336.0,24232.0,9.066720497710154
Assam,Kokrajhar,20741.0,2519.0,18300.0,5.044471414013421
Assam,Lakhimpur,32419.0,4726.0,17189.0,7.884707524752957
Assam,Majuli,2991.0,347.0,2139.0,0.7274487247150156
Assam,Marigaon,39311.0,6735.0,19361.0,9.560928390930117
Assam,Nagaon,90257.0,9002.0,44214.0,21.951634753127106
Assam,Nalbari,18878.0,2709.0,14657.0,4.591366441046494
Assam,North Cachar Hills,3299.0,501.0,2782.0,0.8023581888448132
Assam,Sibsagar,12039.0,1561.0,8287.0,2.92803583980076
Assam,Sivasagar,0.0,204.0,0.0,0.0
Assam,Sonitpur,40414.0,5501.0,17454.0,9.82919182903131
Assam,South Salmara Mankachar,19859.0,1062.0,2855.0,4.829957948550818
Assam,Sribhumi,4895.0,115.0,42.0,1.190525412062856
Assam,Tamulpur District,1214.0,22.0,17.0,0.29526003069342327
Assam,Tinsukia,33249.0,3884.0,12082.0,8.086573937830009
Assam,Udalguri,18400.0,2658.0,12995.0,4.475110844117783
Assam,West Karbi Anglong,1299.0,390.0,1084.0,0.3159330970928804
BALANAGAR,IDPL COLONY,2.0,0.0,0.0,0.00048642509175193295
Bihar,Araria,146314.0,9939.0,72533.0,35.58540043729616
Bihar,Arwal,25538.0,812.0,12094.0,6.211161996580432
Bihar,Aurangabad,95295.0,3001.0,46556.0,23.176939559250222
Bihar,Aurangabad(BH),22.0,5.0,1.0,0.005350676009271262
Bihar,Aurangabad(bh),646.0,44.0,34.0,0.15711530463587434
Bihar,Banka,90686.0,6198.0,49854.0,22.055972935307892
Bihar,Begusarai,119720.0,8106.0,72549.0,29.117405992270704
Bihar,Bhabua,127.0,14.0,4.0,0.03088799332624774
Bihar,Bhagalpur,139641.0,10456.0,72409.0,33.96244311866584
Bihar,Bhojpur,131634.0,3136.0,39485.0,32.015040263836966
Bihar,Buxar,66850.0,2528.0,24831.0,16.25875869180836
Bihar,Darbhanga,141613.0,10017.0,93323.0,34.44205825913324
Bihar,East Champaran,229801.0,10147.0,95935.0,55.890486254842976
Bihar,Gaya,175229.0,6722.0,85898.0,42.61789120129973
Bihar,Gopalganj,97842.0,5303.0,46818.0,23.79640191359631
Bihar,Jamui,61497.0,5193.0,46558.0,14.95684193373431
Bihar,Jehanabad,41968.0,915.0,15681.0,10.20714412532256
Bihar,Kaimur (Bhabua),61555.0,3033.0,37550.0,14.970948261395115
Bihar,Katihar,168447.0,11332.0,98243.0,40.968423715168925
Bihar,Khagaria,68254.0,4348.0,39283.0,16.600229106218215
Bihar,Kishanganj,138769.0,6957.0,57815.0,33.75036177866199
Bihar,Lakhisarai,44802.0,2664.0,22610.0,10.89640848033505
Bihar,Madhepura,85266.0,4571.0,51666.0,20.73776093666016
Bihar,Madhubani,168104.0,12598.0,110514.0,40.88500181193347
Bihar,Monghyr,280.0,29.0,5.0,0.06809951284527062
Bihar,Munger,51818.0,2445.0,21620.0,12.60278770220083
Bihar,Muzaffarpur,190978.0,14087.0,93075.0,46.448245586300324
Bihar,Nalanda,141231.0,3676.0,51140.0,34.34915106660862
Bihar,Nawada,79623.0,2742.0,38447.0,19.36531254028208
Bihar,Pashchim Champaran,1097.0,5060.0,40.0,0.2668041628259352
Bihar,Patna,222841.0,6745.0,93322.0,54.19772693554624
Bihar,Purba Champaran,915.0,61.0,27.0,0.22253947947650932
Bihar,Purbi Champaran,0.0,4000.0,0.0,0.0
Bihar,Purnea,2704.0,169.0,1027.0,0.6576467240486134
Bihar,Purnia,133927.0,12195.0,106033.0,32.572726631530564
Bihar,Rohtas,107283.0,2741.0,50054.0,26.092571559211308
Bihar,Saharsa,74734.0,6281.0,42412.0,18.176246403494478
Bihar,Samastipur,186847.0,11289.0,93161.0,45.44353455928671
Bihar,Samstipur,438.0,41.0,13.0,0.10652709509367331
Bihar,Saran,155057.0,7592.0,63026.0,37.711807725889734
Bihar,Sheikhpura,25762.0,1244.0,16884.0,6.265641606856648
Bihar,Sheikpura,177.0,11.0,5.0,0.04304862062004606
Bihar,Sheohar,28998.0,2067.0,12986.0,7.052677405311275
Bihar,Sitamarhi,157203.0,20679.0,84925.0,38.23374184933956
Bihar,Siwan,113122.0,6149.0,52907.0,27.512689614581078
Bihar,Supaul,100462.0,5691.0,47023.0,24.433618783791346
Bihar,Vaishali,143132.0,8257.0,72298.0,34.81149811631884
Bihar,West Champaran,216078.0,11585.0,75467.0,52.55288048778708
Chandigarh,Chandigarh,70204.0,2473.0,49166.0,17.07449357067635
Chandigarh,Mohali,5.0,0.0,2.0,0.0012160627293798323
Chandigarh,Rupnagar,19.0,3.0,3.0,0.004621038371643363
Chhatisgarh,Raipur,4.0,0.0,2.0,0.0009728501835038659
Chhattisgarh,Balod,54030.0,1603.0,26841.0,13.140773853678468
Chhattisgarh,Baloda Bazar,107988.0,4349.0,53691.0,26.264036404053865
Chhattisgarh,Balrampur,56759.0,4593.0,20113.0,13.80450089137398
Chhattisgarh,Bastar,70053.0,4794.0,27648.0,17.03776847624908
Chhattisgarh,Bemetara,54494.0,2458.0,34486.0,13.253624474964917
Chhattisgarh,Bijapur,11910.0,3601.0,10757.0,2.8966614213827606
Chhattisgarh,Bilaspur,140452.0,7490.0,67405.0,34.15968849337124
Chhattisgarh,Dakshin Bastar Dantewada,4488.0,1028.0,8064.0,1.0915379058913375
Chhattisgarh,Dantewada,1699.0,584.0,5327.0,0.41321811544326703
Chhattisgarh,Dhamtari,41640.0,1876.0,26826.0,10.127370410275244
Chhattisgarh,Durg,66584.0,3528.0,76883.0,16.19406415460535
Chhattisgarh,Gariyaband,26292.0,1307.0,16883.0,6.39454425617091
Chhattisgarh,Gaurela-pendra-marwahi,2986.0,115.0,679.0,0.7262326619856359
Chhattisgarh,Gaurella Pendra Marwahi,0.0,623.0,0.0,0.0
Chhattisgarh,Janjgir - Champa,204.0,32.0,5.0,0.04961535935869716
Chhattisgarh,Janjgir Champa,231.0,21.0,21.0,0.056182098097348254
Chhattisgarh,Janjgir-champa,104968.0,4066.0,51955.0,25.529534515508445
Chhattisgarh,Jashpur,62323.0,1666.0,30250.0,15.157735496627858
Chhattisgarh,Kabeerdham,24067.0,860.0,16628.0,5.853396341596885
Chhattisgarh,Kanker,25973.0,1426.0,19607.0,6.3169594540364775
Chhattisgarh,Kawardha,62369.0,1884.0,23941.0,15.168923273738152
Chhattisgarh,Khairagarh Chhuikhadan Gandai,5462.0,183.0,132.0,1.328426925574529
Chhattisgarh,Kondagaon,57771.0,1975.0,17291.0,14.050631987800458
Chhattisgarh,Korba,77273.0,3040.0,32907.0,18.793763057473555
Chhattisgarh,Koriya,29434.0,1258.0,19055.0,7.158718075313198
Chhattisgarh,Mahasamund,126294.0,2773.0,30360.0,30.716285268859313
Chhattisgarh,ManendragarhChirmiriBharatpur,0.0,0.0,44.0,0.0
Chhattisgarh,Manendragarh–Chirmiri–Bharatpur,4718.0,188.0,46.0,1.1474767914428097
Chhattisgarh,Mohalla-Manpur-Ambagarh Chowki,149.0,10.0,36.0,0.036238669335519
Chhattisgarh,Mohla-Manpur-Ambagarh Chouki,16334.0,162.0,1060.0,3.9726337243380363
Chhattisgarh,Mungeli,66729.0,2600.0,28914.0,16.229329973757366
Chhattisgarh,Narayanpur,14708.0,448.0,7156.0,3.577170124743715
Chhattisgarh,Raigarh,78242.0,4294.0,39625.0,19.029436014427368
Chhattisgarh,Raipur,120718.0,6205.0,59735.0,29.36013211305492
Chhattisgarh,Rajnandgaon,137815.0,3791.0,53657.0,33.51833700989632
Chhattisgarh,Sakti,8718.0,373.0,644.0,2.1203269749466758
Chhattisgarh,Sarangarh-Bilaigarh,7433.0,159.0,113.0,1.8077988534960585
Chhattisgarh,Sukma,11237.0,1256.0,13922.0,2.732979378008235
Chhattisgarh,Surajpur,38673.0,2250.0,24586.0,9.405758786661252
Chhattisgarh,Surguja,106554.0,2866.0,30222.0,25.915269613267732
Chhattisgarh,Uttar Bastar Kanker,12455.0,718.0,7038.0,3.0292122588851624
Dadra & Nagar Haveli,Dadra & Nagar Haveli,203.0,22.0,72.0,0.04937214681282119
Dadra and Nagar Haveli,Dadra and Nagar Haveli,4723.0,669.0,10791.0,1.1486928541721897
Dadra and Nagar Haveli and Daman and Diu,Dadra and Nagar Haveli,1544.0,70.0,550.0,0.37552017083249223
Dadra and Nagar Haveli and Daman and Diu,Daman,1580.0,49.0,190.0,0.38427582248402703
Dadra and Nagar Haveli and Daman and Diu,Diu,310.0,12.0,13.0,0.0753958892215496
Daman & Diu,Daman,354.0,8.0,360.0,0.08609724124009212
Daman & Diu,Diu,249.0,12.0,171.0,0.060559923923115655
Daman and Diu,Daman,940.0,47.0,2411.0,0.2286197931234085
Daman and Diu,Diu,378.0,60.0,1804.0,0.09193434234111532
Darbhanga,Near University Thana,2.0,0.0,0.0,0.00048642509175193295
Delhi,Central Delhi,44615.0,2761.0,23688.0,10.850927734256244
Delhi,East Delhi,162101.0,8055.0,53829.0,39.42499689904004
Delhi,Najafgarh,186.0,21.0,51.0,0.04523753353292976
Delhi,New Delhi,3514.0,918.0,2501.0,0.8546488862081462
Delhi,North Delhi,77583.0,3148.0,25642.0,18.869158946695105
Delhi,North East,11467.0,1328.0,2393.0,2.788918263559707
Delhi,North East   *,0.0,2.0,0.0,0.0
Delhi,North East Delhi,115759.0,8299.0,77278.0,28.154041098056005
Delhi,North West Delhi,274245.0,12395.0,133575.0,66.69982464375443
Delhi,Shahdara,23863.0,1121.0,2658.0,5.803780982238188
Delhi,South Delhi,193160.0,10138.0,96661.0,46.97893536140168
Delhi,South East Delhi,1045.0,46.0,239.0,0.25415711044038497
Delhi,South West Delhi,149759.0,6951.0,66558.0,36.423267657838856
Delhi,West Delhi,206102.0,14000.0,71164.0,50.126592130128444
Goa,Bardez,29.0,2.0,9.0,0.007053163830403027
Goa,Bicholim,4.0,0.0,0.0,0.0009728501835038659
Goa,North Goa,17130.0,1109.0,18320.0,4.1662309108553055
Goa,South Goa,14678.0,805.0,15915.0,3.569873748367436
Goa,Tiswadi,4.0,0.0,0.0,0.0009728501835038659
Gujarat,Ahmadabad,7440.0,4105.0,958.0,1.8095013413171905
Gujarat,Ahmedabad,236152.0,12844.0,165891.0,57.43512913370124
Gujarat,Amreli,25310.0,3460.0,33978.0,6.155709536120711
Gujarat,Anand,35626.0,5616.0,50966.0,8.66469015937718
Gujarat,Arvalli,6286.0,1952.0,19089.0,1.5288340633763253
Gujarat,Banas Kantha,440.0,5997.0,59.0,0.10701352018542526
Gujarat,Banaskantha,65429.0,9944.0,74015.0,15.91315366411861
Gujarat,Bharuch,42831.0,3745.0,38361.0,10.417036552413519
Gujarat,Bhavnagar,51332.0,8420.0,65784.0,12.48458640490511
Gujarat,Botad,6082.0,2302.0,10356.0,1.4792187040176281
Gujarat,Chhotaudepur,7774.0,2215.0,18603.0,1.8907343316397633
Gujarat,Dahod,31140.0,5341.0,60236.0,7.573638678577596
Gujarat,Dang,0.0,531.0,0.0,0.0
Gujarat,Devbhumi Dwarka,5751.0,1845.0,17817.0,1.398715351332683
Gujarat,Dohad,4897.0,5003.0,2168.0,1.1910118371546077
Gujarat,Gandhinagar,57658.0,4075.0,33686.0,14.023148970116475
Gujarat,Gir Somnath,9743.0,4375.0,23900.0,2.369619834469541
Gujarat,Jamnagar,41553.0,4998.0,40890.0,10.106210918784035
Gujarat,Junagadh,34170.0,4876.0,33995.0,8.310572692581776
Gujarat,Kachchh,59047.0,6176.0,67370.0,14.360971196338193
Gujarat,Kheda,46628.0,5826.0,49735.0,11.340514589104563
Gujarat,Mahesana,43687.0,5289.0,42954.0,10.625226491683346
Gujarat,Mahisagar,6589.0,2036.0,18042.0,1.602527464776743
Gujarat,Morbi,16755.0,5548.0,21440.0,4.0750262061518185
Gujarat,Narmada,12028.0,1155.0,15333.0,2.9253605017961246
Gujarat,Navsari,24517.0,2453.0,24168.0,5.96284198724107
Gujarat,Panch Mahals,402.0,858.0,22.0,0.0977714434421385
Gujarat,Panchmahals,29270.0,4828.0,39189.0,7.1188312177895385
Gujarat,Patan,26459.0,6023.0,35135.0,6.435160751332197
Gujarat,Porbandar,12822.0,2006.0,14257.0,3.1184712632216423
Gujarat,Rajkot,127426.0,12419.0,79522.0,30.991601870790902
Gujarat,Sabar Kantha,602.0,1083.0,59.0,0.1464139526173318
Gujarat,Sabarkantha,38270.0,3603.0,37100.0,9.307744130673237
Gujarat,Surat,322384.0,18412.0,138828.0,78.40783338967758
Gujarat,Surendra Nagar,35123.0,4853.0,44699.0,8.542354248801571
Gujarat,Surendranagar,894.0,771.0,46.0,0.21743201601311402
Gujarat,Tapi,9545.0,1856.0,16731.0,2.3214637503861
Gujarat,The Dangs,5104.0,1068.0,12787.0,1.2413568341509327
Gujarat,Vadodara,89085.0,9306.0,72719.0,21.666589649360475
Gujarat,Valsad,39602.0,5818.0,39767.0,9.631703241780023
Haryana,Akhera,0.0,0.0,0.0,0.0
Haryana,Ambala,29284.0,3063.0,26591.0,7.122236193431802
Haryana,Bhiwani,30276.0,3321.0,37865.0,7.3635030389407605
Haryana,Charkhi Dadri,10397.0,839.0,3023.0,2.528680839472423
Haryana,Faridabad,140801.0,12607.0,58976.0,34.244569671881955
Haryana,Fatehabad,37378.0,2510.0,29864.0,9.090798539751875
Haryana,Gurgaon,105689.0,5417.0,35245.0,25.704890761085018
Haryana,Gurugram,0.0,1804.0,0.0,0.0
Haryana,Hisar,56541.0,4927.0,53323.0,13.75148055637302
Haryana,Jhajjar,28621.0,2515.0,24917.0,6.960986275516036
Haryana,Jhajjar *,0.0,0.0,0.0,0.0
Haryana,Jind,39090.0,3729.0,34877.0,9.507178418291529
Haryana,Kaithal,34982.0,2894.0,34402.0,8.50806127983306
Haryana,Karnal,42303.0,3861.0,32424.0,10.288620328191008
Haryana,Kurukshetra,25192.0,2315.0,23358.0,6.127010455707347
Haryana,Mahendragarh,25430.0,2575.0,20501.0,6.184895041625827
Haryana,Mewat,60303.0,6989.0,38268.0,14.666446153958407
Haryana,Nuh,0.0,1251.0,0.0,0.0
Haryana,Palwal,61703.0,4367.0,30617.0,15.00694371818476
Haryana,Panchkula,29001.0,1287.0,18303.0,7.053407042948903
Haryana,Panipat,59653.0,5498.0,31426.0,14.508357999139026
Haryana,Rewari,37840.0,2329.0,24987.0,9.203162735946572
Haryana,Rohtak,22379.0,3161.0,25700.0,5.442853564158254
Haryana,Sirsa,50186.0,3135.0,40642.0,12.205864827331252
Haryana,Sonipat,52916.0,4314.0,34624.0,12.869835077572642
Haryana,Yamuna Nagar,46460.0,3278.0,33592.0,11.299654881397402
Haryana,Yamunanagar,401.0,56.0,142.0,0.09752823089626256
Himachal Pradesh,Bilaspur,5828.0,985.0,9673.0,1.4174427173651325
Himachal Pradesh,Chamba,16304.0,1586.0,16275.0,3.9653373479617575
Himachal Pradesh,Hamirpur,6437.0,1181.0,11206.0,1.5655591578035963
Himachal Pradesh,Kangra,30434.0,3869.0,44703.0,7.401930621189163
Himachal Pradesh,Kinnaur,1028.0,137.0,2221.0,0.2500224971604935
Himachal Pradesh,Kullu,8391.0,1022.0,11409.0,2.0407964724452348
Himachal Pradesh,Lahaul and Spiti,44.0,3.0,15.0,0.010701352018542524
Himachal Pradesh,Lahul & Spiti,271.0,36.0,110.0,0.0659105999323869
Himachal Pradesh,Lahul and Spiti,163.0,31.0,557.0,0.039643644977782534
Himachal Pradesh,Mandi,14016.0,2460.0,28869.0,3.408867042997546
Himachal Pradesh,Shimla,13901.0,1488.0,19863.0,3.3808976002218096
Himachal Pradesh,Sirmaur,16784.0,1510.0,15275.0,4.082079369982221
Himachal Pradesh,Solan,7723.0,1105.0,16252.0,1.8783304918000892
Himachal Pradesh,Una,8466.0,1226.0,15138.0,2.059037413385932
Jaipur,Near meera hospital,2.0,0.0,0.0,0.00048642509175193295
Jammu & Kashmir,Anantnag,11.0,3.0,5.0,0.002675338004635631
Jammu & Kashmir,Badgam,5.0,0.0,5.0,0.0012160627293798323
Jammu & Kashmir,Bandipur,0.0,2.0,0.0,0.0
Jammu & Kashmir,Baramula,95.0,43.0,28.0,0.023105191858216814
Jammu & Kashmir,Doda,5.0,2.0,2.0,0.0012160627293798323
Jammu & Kashmir,Jammu,187.0,52.0,33.0,0.04548074607880573
Jammu & Kashmir,Kargil,11.0,2.0,0.0,0.002675338004635631
Jammu & Kashmir,Kathua,45.0,8.0,25.0,0.01094456456441849
Jammu & Kashmir,Kupwara,7.0,8.0,0.0,0.0017024878211317652
Jammu & Kashmir,Leh (ladakh),3.0,3.0,9.0,0.0007296376376278994
Jammu & Kashmir,Pulwama,1.0,4.0,1.0,0.00024321254587596647
Jammu & Kashmir,Punch,5.0,1.0,1.0,0.0012160627293798323
Jammu & Kashmir,Rajauri,15.0,1.0,2.0,0.0036481881881394967
Jammu & Kashmir,Srinagar,10.0,2.0,3.0,0.0024321254587596646
Jammu & Kashmir,Udhampur,3.0,2.0,0.0,0.0007296376376278994
Jammu And Kashmir,Doda,0.0,261.0,0.0,0.0
Jammu And Kashmir,Shopian,0.0,308.0,0.0,0.0
Jammu and Kashmir,?,0.0,0.0,0.0,0.0
Jammu and Kashmir,Anantnag,30309.0,2975.0,26943.0,7.371529052954667
Jammu and Kashmir,Badgam,11222.0,1674.0,4697.0,2.7293311898200954
Jammu and Kashmir,Bandipore,13294.0,1288.0,10653.0,3.2332675848750982
Jammu and Kashmir,Bandipur,1.0,0.0,0.0,0.00024321254587596647
Jammu and Kashmir,Baramula,31540.0,3155.0,28508.0,7.670923696927982
Jammu and Kashmir,Budgam,12884.0,793.0,18502.0,3.1335504410659523
Jammu and Kashmir,Doda,10263.0,3186.0,19427.0,2.4960903583250436
Jammu and Kashmir,Ganderbal,6495.0,773.0,7268.0,1.5796654854644023
Jammu and Kashmir,Jammu,32443.0,3697.0,45866.0,7.89054462585398
Jammu and Kashmir,Kargil,1537.0,386.0,1848.0,0.3738176830113605
Jammu and Kashmir,Kathua,18658.0,2635.0,23058.0,4.537859680953782
Jammu and Kashmir,Kishtwar,4901.0,1058.0,10878.0,1.1919846873381117
Jammu and Kashmir,Kulgam,10078.0,970.0,14367.0,2.45109603733799
Jammu and Kashmir,Kupwara,37390.0,2392.0,24776.0,9.093717090302386
Jammu and Kashmir,Leh,1136.0,163.0,1641.0,0.2762894521150979
Jammu and Kashmir,Poonch,3.0,0.0,1.0,0.0007296376376278994
Jammu and Kashmir,Pulwama,18054.0,1738.0,20582.0,4.390959303244698
Jammu and Kashmir,Punch,19383.0,2063.0,25883.0,4.714188776713859
Jammu and Kashmir,Rajouri,13413.0,2071.0,29902.0,3.2622098778343385
Jammu and Kashmir,Ramban,5897.0,1317.0,21848.0,1.434224383030574
Jammu and Kashmir,Reasi,7281.0,1136.0,12538.0,1.770830546522912
Jammu and Kashmir,Samba,4492.0,532.0,6837.0,1.0925107560748413
Jammu and Kashmir,Shupiyan,6363.0,537.0,9253.0,1.5475614294087745
Jammu and Kashmir,Srinagar,36211.0,2851.0,32589.0,8.806969498714622
Jammu and Kashmir,Udhampur,15678.0,2446.0,22370.0,3.8130862942434023
Jammu and Kashmir,punch,0.0,1.0,0.0,0.0
Jammu and Kashmir,udhampur,0.0,0.0,0.0,0.0
Jharkhand,Bokaro,66249.0,3505.0,45931.0,16.112587951736902
Jharkhand,Bokaro *,0.0,2.0,1.0,0.0
Jharkhand,Chatra,43307.0,3448.0,32491.0,10.53280572425048
Jharkhand,Deoghar,56038.0,4518.0,33194.0,13.629144645797409
Jharkhand,Dhanbad,102021.0,6878.0,52546.0,24.812787142811978
Jharkhand,Dumka,55639.0,2743.0,36526.0,13.532102839992898
Jharkhand,East Singhbhum,56520.0,5983.0,59424.0,13.746373092909625
Jharkhand,East Singhbum,0.0,848.0,0.0,0.0
Jharkhand,Garhwa,36814.0,4523.0,41415.0,8.953626663877829
Jharkhand,Garhwa *,2072.0,314.0,535.0,0.5039363950550024
Jharkhand,Giridih,115931.0,7695.0,53614.0,28.19587365594667
Jharkhand,Godda,53892.0,3238.0,44532.0,13.107210522347584
Jharkhand,Gumla,42953.0,4083.0,33578.0,10.446708483010388
Jharkhand,Hazaribag,9335.0,358.0,1605.0,2.2703891157521467
Jharkhand,Hazaribagh,60854.0,4125.0,38357.0,14.800456266736065
Jharkhand,Jamtara,31321.0,3160.0,17787.0,7.617660149381146
Jharkhand,Khunti,20011.0,1426.0,15296.0,4.866926255523965
Jharkhand,Kodarma,2782.0,184.0,1247.0,0.6766173026269388
Jharkhand,Koderma,22513.0,2096.0,17953.0,5.475444045305633
Jharkhand,Latehar,35628.0,1675.0,22149.0,8.665176584468934
Jharkhand,Lohardaga,15908.0,1984.0,13862.0,3.8690251797948743
Jharkhand,Pakaur,3451.0,197.0,1049.0,0.8393264958179603
Jharkhand,Pakur,42671.0,3971.0,21113.0,10.378122545073365
Jharkhand,Palamau,3546.0,220.0,496.0,0.8624316876761771
Jharkhand,Palamu,104641.0,6548.0,57189.0,25.450004013007003
Jharkhand,Pashchimi Singhbhum,8922.0,346.0,3615.0,2.1699423343053725
Jharkhand,Purbi Singhbhum,4780.0,814.0,3984.0,1.1625559692871197
Jharkhand,Ramgarh,33083.0,1902.0,17337.0,8.046200655214598
Jharkhand,Ranchi,95347.0,9318.0,61673.0,23.189586611635775
Jharkhand,Sahebganj,60999.0,3636.0,36759.0,14.835722085888078
Jharkhand,Sahibganj,2506.0,187.0,654.0,0.6094906399651719
Jharkhand,Seraikela-Kharsawan,26654.0,2398.0,29138.0,6.48258719777801
Jharkhand,Seraikela-kharsawan,5818.0,545.0,2760.0,1.415010591906373
Jharkhand,Simdega,24335.0,1472.0,20497.0,5.918577303891643
Jharkhand,West Singhbhum,55272.0,4211.0,58306.0,13.442843835656419
Karnataka,Bagalkot,37873.0,6158.0,39884.0,9.211188749960478
Karnataka,Bagalkot *,1032.0,218.0,439.0,0.2509953473439974
Karnataka,Ballari,19615.0,2450.0,25151.0,4.770614087357082
Karnataka,Bangalore,47973.0,5776.0,51767.0,11.66763546330774
Karnataka,Bangalore Rural,42521.0,2251.0,18760.0,10.34164066319197
Karnataka,Belagavi,41358.0,7063.0,52855.0,10.058784472338221
Karnataka,Belgaum,50900.0,5861.0,44316.0,12.379518585086693
Karnataka,Bellary,23856.0,3623.0,29044.0,5.802078494417056
Karnataka,Bengaluru,265383.0,20441.0,144086.0,64.54447506220161
Karnataka,Bengaluru Rural,71.0,1439.0,5.0,0.01726809075719362
Karnataka,Bengaluru South,3388.0,15.0,23.0,0.8240041054277744
Karnataka,Bengaluru Urban,0.0,12111.0,0.0,0.0
Karnataka,Bidar,36661.0,3960.0,38406.0,8.916415144358806
Karnataka,Bijapur,24941.0,3296.0,20574.0,6.06596410669248
Karnataka,Bijapur(KAR),1.0,3.0,3.0,0.00024321254587596647
Karnataka,Chamarajanagar,1025.0,232.0,445.0,0.24929285952286565
Karnataka,Chamarajanagar *,51.0,23.0,16.0,0.01240383983967429
Karnataka,Chamrajanagar,12985.0,1988.0,15916.0,3.158114908199425
Karnataka,Chamrajnagar,1789.0,356.0,603.0,0.435107244572104
Karnataka,Chickmagalur,9598.0,1129.0,6808.0,2.334354015317526
Karnataka,Chikkaballapur,31990.0,2842.0,21218.0,7.780369342572167
Karnataka,Chikkamagaluru,9284.0,1018.0,9401.0,2.2579852759124726
Karnataka,Chikmagalur,670.0,145.0,201.0,0.16295240573689754
Karnataka,Chitradurga,41218.0,4042.0,29756.0,10.024734715915585
Karnataka,Dakshina Kannada,48563.0,5896.0,38932.0,11.81113086537456
Karnataka,Davanagere,3004.0,437.0,806.0,0.7306104878114033
Karnataka,Davangere,28314.0,4416.0,39870.0,6.8863200239321145
Karnataka,Dharwad,43366.0,4733.0,41268.0,10.547155264457162
Karnataka,Gadag,20755.0,4088.0,22744.0,5.047876389655684
Karnataka,Gadag *,698.0,135.0,383.0,0.1697623570214246
Karnataka,Gulbarga,21011.0,3650.0,21236.0,5.110138801399931
Karnataka,Hasan,8102.0,944.0,2167.0,1.9705080466870801
Karnataka,Hassan,33029.0,2333.0,27002.0,8.033067177737296
Karnataka,Haveri,43341.0,3917.0,34207.0,10.541074950810263
Karnataka,Haveri *,814.0,111.0,333.0,0.19797501234303672
Karnataka,Kalaburagi,32020.0,4096.0,45175.0,7.787665718948446
Karnataka,Kodagu,10341.0,1095.0,8269.0,2.515060936903369
Karnataka,Kolar,41076.0,3841.0,31388.0,9.990198534401198
Karnataka,Koppal,35331.0,4752.0,31753.0,8.59294245834377
Karnataka,Mandya,36160.0,3401.0,31387.0,8.794565658874948
Karnataka,Mysore,19689.0,2857.0,17825.0,4.788611815751904
Karnataka,Mysuru,32490.0,3650.0,32289.0,7.9019756155101515
Karnataka,Raichur,40787.0,7619.0,53880.0,9.919910108643045
Karnataka,Ramanagar,31197.0,2559.0,20055.0,7.587501793692526
Karnataka,Ramanagara,0.0,168.0,0.0,0.0
Karnataka,Shimoga,14351.0,2111.0,7443.0,3.490343245865995
Karnataka,Shivamogga,20225.0,2004.0,21668.0,4.918973740341421
Karnataka,Tumakuru,24113.0,2792.0,26620.0,5.864584118707179
Karnataka,Tumkur,23550.0,2754.0,20241.0,5.72765545537901
Karnataka,Udupi,23431.0,3338.0,20128.0,5.698713162419771
Karnataka,Udupi *,1.0,2.0,2.0,0.00024321254587596647
Karnataka,Uttara Kannada,26497.0,3219.0,23598.0,6.444402828075484
Karnataka,Vijayanagara,12626.0,1822.0,5607.0,3.0708016042299526
Karnataka,Vijayapura,23026.0,4662.0,35601.0,5.600212081340004
Karnataka,Yadgir,26331.0,4847.0,32589.0,6.404029545460073
Karnataka,yadgir,1882.0,573.0,856.0,0.45772601133856883
Kerala,Alappuzha,34195.0,2536.0,34603.0,8.316653006228673
Kerala,Ernakulam,60474.0,4185.0,61215.0,14.708035499303197
Kerala,Idukki,13964.0,1399.0,19715.0,3.3962199906119954
Kerala,Kannur,53071.0,4013.0,49177.0,12.907533022183415
Kerala,Kasaragod,25907.0,2695.0,36306.0,6.3009074260086635
Kerala,Kasargod,1835.0,251.0,211.0,0.44629502168239843
Kerala,Kollam,48602.0,3814.0,50033.0,11.820616154663723
Kerala,Kottayam,27858.0,2465.0,30704.0,6.775415103012674
Kerala,Kozhikode,80652.0,4587.0,61123.0,19.615578249988445
Kerala,Malappuram,142379.0,10205.0,96696.0,34.628359069274225
Kerala,Palakkad,46102.0,5174.0,61028.0,11.212584789973807
Kerala,Pathanamthitta,19080.0,1398.0,20056.0,4.64049537531344
Kerala,Thiruvananthapuram,59565.0,4836.0,55721.0,14.486955295101941
Kerala,Thrissur,53826.0,4914.0,58766.0,13.091158494319771
Kerala,Wayanad,16378.0,1265.0,12585.0,3.983335076356579
Ladakh,Kargil,1788.0,365.0,1711.0,0.43486403202622803
Ladakh,Leh,2572.0,101.0,1098.0,0.6255426679929857
Lakshadweep,Lakshadweep,1006.0,192.0,2226.0,0.24467182115122227
Madanapalle,Kadiri Road,2.0,0.0,0.0,0.00048642509175193295
Madhya Pradesh,Agar Malwa,8919.0,2087.0,5721.0,2.1692126966677447
Madhya Pradesh,Alirajpur,19593.0,3251.0,33490.0,4.765263411347811
Madhya Pradesh,Anuppur,22348.0,2864.0,31994.0,5.435313975236099
Madhya Pradesh,Ashok Nagar,38925.0,3726.0,44837.0,9.467048348221994
Madhya Pradesh,Ashoknagar,0.0,1594.0,0.0,0.0
Madhya Pradesh,Balaghat,66256.0,6237.0,72713.0,16.114290439558037
Madhya Pradesh,Barwani,70190.0,12801.0,78193.0,17.071088595034087
Madhya Pradesh,Betul,37304.0,6829.0,69579.0,9.072800811357054
Madhya Pradesh,Bhind,49605.0,8483.0,51439.0,12.064558338177317
Madhya Pradesh,Bhopal,80164.0,11256.0,89809.0,19.49689052760098
Madhya Pradesh,Burhanpur,13295.0,6542.0,33915.0,3.2335107974209745
Madhya Pradesh,Chhatarpur,68037.0,11504.0,89515.0,16.547451983763132
Madhya Pradesh,Chhindwara,72447.0,8308.0,63350.0,17.620019311076142
Madhya Pradesh,Damoh,48440.0,5081.0,74879.0,11.781215722231815
Madhya Pradesh,Datia,31277.0,3995.0,27648.0,7.606958797362603
Madhya Pradesh,Dewas,41799.0,8393.0,56452.0,10.166041205069522
Madhya Pradesh,Dhar,75429.0,8734.0,77936.0,18.345279122878274
Madhya Pradesh,Dindori,38909.0,2409.0,33514.0,9.46315694748798
Madhya Pradesh,East Nimar,8529.0,2338.0,10364.0,2.074359803776118
Madhya Pradesh,Guna,47524.0,7496.0,80661.0,11.55843303020943
Madhya Pradesh,Gwalior,70344.0,12110.0,69790.0,17.108543327098985
Madhya Pradesh,Harda,8616.0,1733.0,18957.0,2.095519295267327
Madhya Pradesh,Harda *,1931.0,503.0,2126.0,0.46964342608649123
Madhya Pradesh,Hoshangabad,10285.0,5158.0,45218.0,2.501441034334315
Madhya Pradesh,Indore,163569.0,16685.0,108940.0,39.78203291638596
Madhya Pradesh,Jabalpur,82738.0,10653.0,82138.0,20.122919620685714
Madhya Pradesh,Jhabua,37565.0,6586.0,50578.0,9.13627928583068
Madhya Pradesh,Katni,47948.0,8413.0,53755.0,11.66155514966084
Madhya Pradesh,Khandwa,13559.0,3207.0,36298.0,3.2977189095322297
Madhya Pradesh,Khargone,35585.0,9870.0,81463.0,8.654718444996266
Madhya Pradesh,Maihar,3822.0,378.0,196.0,0.9295583503379439
Madhya Pradesh,Mandla,46610.0,4645.0,34924.0,11.336136763278796
Madhya Pradesh,Mandsaur,43947.0,7444.0,46973.0,10.688461753611097
Madhya Pradesh,Mauganj,3917.0,379.0,83.0,0.9526635421961607
Madhya Pradesh,Morena,95336.0,14064.0,94466.0,23.18691127363114
Madhya Pradesh,Narmadapuram,5420.0,608.0,1420.0,1.3182119986477383
Madhya Pradesh,Narsimhapur,3988.0,966.0,2685.0,0.9699316329533543
Madhya Pradesh,Narsinghpur,22260.0,3860.0,38006.0,5.413911271199014
Madhya Pradesh,Neemuch,31762.0,4183.0,34879.0,7.7249168821124465
Madhya Pradesh,Niwari,1585.0,117.0,1194.0,0.3854918852134068
Madhya Pradesh,Pandhurna,761.0,66.0,78.0,0.18508474741161046
Madhya Pradesh,Panna,37841.0,6807.0,53832.0,9.203405948492447
Madhya Pradesh,Raisen,36639.0,6215.0,67598.0,8.911064468349537
Madhya Pradesh,Rajgarh,34777.0,6542.0,83066.0,8.458202707928486
Madhya Pradesh,Ratlam,68372.0,6427.0,83610.0,16.62892818663158
Madhya Pradesh,Rewa,73712.0,9346.0,119788.0,17.92768318160924
Madhya Pradesh,Sagar,78003.0,11572.0,112844.0,18.971308215963013
Madhya Pradesh,Satna,75356.0,11198.0,96656.0,18.32752460702933
Madhya Pradesh,Sehore,23303.0,5155.0,54978.0,5.667581956547647
Madhya Pradesh,Seoni,63519.0,5558.0,45852.0,15.448617701495515
Madhya Pradesh,Shahdol,47986.0,4410.0,45413.0,11.670797226404126
Madhya Pradesh,Shajapur,26910.0,5937.0,62880.0,6.544849609522258
Madhya Pradesh,Sheopur,33506.0,3765.0,32840.0,8.149079562120132
Madhya Pradesh,Shivpuri,61614.0,7127.0,90683.0,14.9852978016018
Madhya Pradesh,Sidhi,48117.0,5606.0,77260.0,11.702658069913879
Madhya Pradesh,Singrauli,47963.0,5669.0,76133.0,11.665203337848979
Madhya Pradesh,Tikamgarh,43127.0,5674.0,89448.0,10.489027465992805
Madhya Pradesh,Ujjain,66440.0,12450.0,86924.0,16.159041547999212
Madhya Pradesh,Umaria,25933.0,4360.0,19901.0,6.307230952201438
Madhya Pradesh,Vidisha,40335.0,7998.0,67687.0,9.809978037907108
Madhya Pradesh,West Nimar,1849.0,618.0,2548.0,0.44969999732466204
Maharashtra,Ahilyanagar,2218.0,12.0,1.0,0.5394454267528936
Maharashtra,Ahmadnagar,219267.0,9369.0,164245.0,53.32848529658554
Maharashtra,Ahmed Nagar,5481.0,277.0,1602.0,1.3330479639461723
Maharashtra,Ahmednagar,0.0,182.0,0.0,0.0
Maharashtra,Akola,59193.0,3966.0,53986.0,14.396480228036083
Maharashtra,Amravati,90217.0,5783.0,103569.0,21.941906251292068
Maharashtra,Aurangabad,146863.0,12374.0,110323.0,35.71892412498207
Maharashtra,Beed,162224.0,7454.0,114059.0,39.454912042182784
Maharashtra,Bhandara,36236.0,1842.0,31856.0,8.81304981236152
Maharashtra,Bid,11796.0,439.0,538.0,2.8689351911529
Maharashtra,Buldana,22701.0,963.0,3169.0,5.521168003930315
Maharashtra,Buldhana,109890.0,5849.0,84533.0,26.726626666309954
Maharashtra,Chandrapur,108822.0,4014.0,65688.0,26.466875667314422
Maharashtra,Chatrapati Sambhaji Nagar,6870.0,114.0,413.0,1.6708701901678897
Maharashtra,Chhatrapati Sambhajinagar,13314.0,411.0,842.0,3.2381318357926174
Maharashtra,Dharashiv,2949.0,89.0,121.0,0.717233797788225
Maharashtra,Dhule,58263.0,7244.0,72244.0,14.170292560371433
Maharashtra,Dist : Thane,1.0,0.0,0.0,0.00024321254587596647
Maharashtra,Gadchiroli,50327.0,2084.0,38590.0,12.240157796299764
Maharashtra,Gondia,957.0,25.0,26.0,0.2327544064032999
Maharashtra,Gondiya,60154.0,2780.0,35448.0,14.630207484622886
Maharashtra,Gondiya *,1981.0,53.0,67.0,0.4818040533802896
Maharashtra,Hingoli,93822.0,6359.0,45691.0,22.818687479174926
Maharashtra,Hingoli *,3.0,1.0,0.0,0.0007296376376278994
Maharashtra,Jalgaon,143294.0,10454.0,148853.0,34.850898548750735
Maharashtra,Jalna,75438.0,4627.0,71820.0,18.34746803579116
Maharashtra,Kolhapur,124115.0,6423.0,118410.0,30.18632513139558
Maharashtra,Latur,119670.0,5828.0,74375.0,29.105245364976906
Maharashtra,Mumbai,128389.0,10594.0,119615.0,31.22581555246946
Maharashtra,Mumbai City,46925.0,2314.0,28377.0,11.412748715229725
Maharashtra,Mumbai Suburban,173108.0,12480.0,99373.0,42.10203739149681
Maharashtra,Mumbai( Sub Urban ),3590.0,340.0,454.0,0.8731330396947197
Maharashtra,Nagpur,145857.0,10093.0,112851.0,35.47425230383084
Maharashtra,Nanded,229602.0,9164.0,124730.0,55.842086958213656
Maharashtra,Nandurbar,38078.0,7649.0,67146.0,9.261047321865052
Maharashtra,Nandurbar *,600.0,106.0,16.0,0.1459275275255799
Maharashtra,Nashik,231315.0,16262.0,213100.0,56.25871004929919
Maharashtra,Osmanabad,105818.0,3303.0,62688.0,25.73626517950302
Maharashtra,Palghar,113104.0,7343.0,91196.0,27.508311788755314
Maharashtra,Parbhani,112397.0,5062.0,77890.0,27.336360518821003
Maharashtra,Pune,405834.0,24088.0,283480.0,98.70392034302698
Maharashtra,Raigad,38777.0,2585.0,4153.0,9.431052891432351
Maharashtra,Raigarh,81818.0,4414.0,74452.0,19.899164078479824
Maharashtra,Raigarh(MH),845.0,72.0,24.0,0.20551460126519167
Maharashtra,Ratnagiri,50357.0,2352.0,56842.0,12.247454172676044
Maharashtra,Sangli,86422.0,5697.0,94241.0,21.018914639692774
Maharashtra,Satara,94272.0,5148.0,103754.0,22.928133124819112
Maharashtra,Sindhudurg,26823.0,1121.0,21284.0,6.523690118031049
Maharashtra,Solapur,257811.0,9537.0,154623.0,62.70286966482879
Maharashtra,Thane,411163.0,29092.0,202896.0,100.0
Maharashtra,Wardha,28022.0,1859.0,41487.0,6.815301960536332
Maharashtra,Washim,52290.0,3041.0,44911.0,12.717584023854286
Maharashtra,Washim *,989.0,28.0,60.0,0.24053720787133082
Maharashtra,Yavatmal,191008.0,6054.0,92600.0,46.455541962676605
Manipur,Bishnupur,36872.0,516.0,19678.0,8.967732991538636
Manipur,Chandel,7742.0,244.0,4719.0,1.8829515301717323
Manipur,Churachandpur,16539.0,1256.0,11461.0,4.02249229624261
Manipur,Imphal East,48486.0,559.0,36938.0,11.792403499342111
Manipur,Imphal West,52034.0,645.0,36009.0,12.65532161211004
Manipur,Jiribam,1692.0,53.0,452.0,0.4115156276221352
Manipur,Kakching,2725.0,39.0,1363.0,0.6627541875120087
Manipur,Kangpokpi,1.0,0.0,0.0,0.00024321254587596647
Manipur,Pherzawl,162.0,1.0,2.0,0.039400432431906565
Manipur,Senapati,20734.0,764.0,12619.0,5.042768926192289
Manipur,Tamenglong,8220.0,297.0,4067.0,1.9992071271004446
Manipur,Thoubal,51605.0,423.0,32794.0,12.55098342992925
Manipur,Ukhrul,13273.0,343.0,6363.0,3.228160121411703
Meghalaya,East Garo Hills,6094.0,1012.0,975.0,1.4821372545681397
Meghalaya,East Jaintia Hills,2949.0,983.0,2042.0,0.717233797788225
Meghalaya,East Khasi Hills,14484.0,4258.0,8982.0,3.5226905144674983
Meghalaya,Eastern West Khasi Hills,257.0,3.0,2.0,0.06250562429012338
Meghalaya,Jaintia Hills,24.0,4.0,1.0,0.005837101101023195
Meghalaya,Kamrup,0.0,13.0,0.0,0.0
Meghalaya,North Garo Hills,3650.0,457.0,816.0,0.8877257924472776
Meghalaya,Ri Bhoi,7350.0,1338.0,2847.0,1.7876122121883535
Meghalaya,South Garo Hills,3754.0,568.0,584.0,0.9130198972183781
Meghalaya,South West Garo Hills,6689.0,2417.0,2485.0,1.6268487193643397
Meghalaya,South West Khasi Hills,4097.0,789.0,1894.0,0.9964418004538347
Meghalaya,West Garo Hills,13829.0,4545.0,8275.0,3.3633862969187405
Meghalaya,West Jaintia Hills,6562.0,2382.0,4302.0,1.595960726038092
Meghalaya,West Khasi Hills,9213.0,2410.0,3326.0,2.240717185155279
Mizoram,Aizawl,11359.0,762.0,26633.0,2.7626513086051028
Mizoram,Champhai,5893.0,805.0,11652.0,1.4332515328470705
Mizoram,Hnahthial,43.0,2.0,10.0,0.010458139472666559
Mizoram,Khawzawl,27.0,5.0,6.0,0.006566738738651095
Mizoram,Kolasib,3189.0,189.0,8032.0,0.7756048087984571
Mizoram,Lawngtlai,4004.0,1164.0,8990.0,0.9738230336873698
Mizoram,Lunglei,6236.0,541.0,10249.0,1.516673436082527
Mizoram,Mamit,1479.0,141.0,8827.0,0.35971135535055443
Mizoram,Mammit,601.0,71.0,1723.0,0.14617074007145586
Mizoram,Saiha,1636.0,374.0,4477.0,0.39789572505308113
Mizoram,Saitual,119.0,2.0,37.0,0.02894229295924001
Mizoram,Serchhip,2018.0,80.0,4895.0,0.49080291757770034
Nagaland,Chumukedima,1583.0,37.0,245.0,0.38500546012165493
Nagaland,Dimapur,7398.0,1118.0,9331.0,1.7992864143904002
Nagaland,Kiphire,1697.0,163.0,1576.0,0.412731690351515
Nagaland,Kohima,3032.0,562.0,3226.0,0.7374204390959304
Nagaland,Longleng,688.0,205.0,671.0,0.16733023156266494
Nagaland,Meluri,88.0,2.0,160.0,0.02140270403708505
Nagaland,Mokokchung,2507.0,132.0,2120.0,0.609733852511048
Nagaland,Mon,3825.0,618.0,5267.0,0.9302879879755718
Nagaland,Niuland,316.0,14.0,110.0,0.0768551644968054
Nagaland,Noklak,385.0,70.0,227.0,0.09363683016224708
Nagaland,Peren,1413.0,511.0,1819.0,0.3436593273227406
Nagaland,Phek,1313.0,309.0,1620.0,0.319338072735144
Nagaland,Shamator,382.0,3.0,36.0,0.0929071925246192
Nagaland,Tseminyu,84.0,7.0,53.0,0.020429853853581183
Nagaland,Tuensang,3775.0,512.0,2650.0,0.9181273606817734
Nagaland,Wokha,1773.0,118.0,1973.0,0.43121584383808853
Nagaland,Zunheboto,2218.0,131.0,1477.0,0.5394454267528936
Nagpur,Near Uday nagar NIT garden,1.0,0.0,0.0,0.00024321254587596647
ODISHA,NUAPADA,47.0,1.0,9.0,0.011430989656170424
Odisha,ANGUL,8.0,1.0,3.0,0.0019457003670077318
Odisha,ANUGUL,141.0,12.0,80.0,0.03429296896851127
Odisha,Angul,25448.0,2582.0,32301.0,6.189272867451594
Odisha,Anugal,11.0,1.0,0.0,0.002675338004635631
Odisha,Anugul,1383.0,117.0,357.0,0.3363629509464616
Odisha,BALANGIR,0.0,0.0,0.0,0.0
Odisha,Balangir,32805.0,4254.0,46325.0,7.97858756746108
Odisha,Baleshwar,9516.0,641.0,5494.0,2.314410586555697
Odisha,Baleswar,35181.0,4864.0,60252.0,8.556460576462378
Odisha,Balianta,1.0,0.0,0.0,0.00024321254587596647
Odisha,Bargarh,30165.0,4329.0,41870.0,7.336506446348529
Odisha,Baudh,1067.0,138.0,936.0,0.2595077864496562
Odisha,Bhadrak,33174.0,3369.0,51497.0,8.068332996889312
Odisha,Bhadrak(R),1.0,0.0,0.0,0.00024321254587596647
Odisha,Boudh,7835.0,1177.0,12444.0,1.9055702969381971
Odisha,Cuttack,42805.0,4040.0,65497.0,10.410713026220744
Odisha,Debagarh,6962.0,776.0,8406.0,1.6932457443884785
Odisha,Dhenkanal,24867.0,2358.0,37411.0,6.047966378297658
Odisha,Gajapati,18050.0,1658.0,30076.0,4.389986453061194
Odisha,Ganjam,82023.0,6709.0,94544.0,19.9490226503844
Odisha,JAJPUR,15996.0,1967.0,20905.0,3.8904278838319595
Odisha,Jagatsinghapur,13109.0,2821.0,26284.0,3.1882732638880444
Odisha,Jagatsinghpur,4943.0,626.0,2860.0,1.2021996142649023
Odisha,Jajapur,22431.0,2014.0,28109.0,5.455500616543804
Odisha,Jajpur,229.0,10.0,85.0,0.05569567300559632
Odisha,Jharsuguda,14847.0,1071.0,13418.0,3.610976668620474
Odisha,Kalahandi,41886.0,3350.0,42854.0,10.187200696560732
Odisha,Kandhamal,27055.0,2603.0,28755.0,6.580115428674273
Odisha,Kendrapara,34358.0,3161.0,39525.0,8.356296651206456
Odisha,Kendujhar,46872.0,4330.0,47370.0,11.3998584502983
Odisha,Khorda,31869.0,3496.0,48459.0,7.750940624521176
Odisha,Khordha,4429.0,385.0,1672.0,1.0771883656846555
Odisha,Koraput,36510.0,3172.0,47162.0,8.879690049931535
Odisha,Malkangiri,17487.0,2333.0,27302.0,4.253057789733026
Odisha,Mayurbhanj,61707.0,6227.0,77366.0,15.007916568368262
Odisha,NAYAGARH,0.0,0.0,1.0,0.0
Odisha,NUAPADA,297.0,34.0,61.0,0.07223412612516204
Odisha,Nabarangapur,37588.0,4174.0,45252.0,9.141873174385827
Odisha,Nabarangpur,0.0,327.0,0.0,0.0
Odisha,Nayagarh,19496.0,2080.0,30128.0,4.741671794397842
Odisha,Nuapada,15426.0,1666.0,23036.0,3.7517967326826587
Odisha,Puri,26976.0,2959.0,36327.0,6.560901637550072
Odisha,Rayagada,27317.0,2370.0,29519.0,6.643837115693777
Odisha,Sambalpur,26399.0,2234.0,26666.0,6.420567998579639
Odisha,Sonapur,10990.0,1266.0,15279.0,2.6729058791768714
Odisha,Subarnapur,4019.0,339.0,1902.0,0.9774712218755092
Odisha,Sundargarh,6626.0,486.0,3142.0,1.6115263289741537
Odisha,Sundergarh,37152.0,3341.0,47566.0,9.035832504383906
Odisha,jajpur,137.0,14.0,86.0,0.03332011878500741
Orissa,Angul,3.0,0.0,2.0,0.0007296376376278994
Orissa,Anugul,195.0,42.0,57.0,0.04742644644581346
Orissa,Anugul  *,0.0,0.0,0.0,0.0
Orissa,Balangir,4549.0,328.0,2473.0,1.1063738711897715
Orissa,Baleshwar,1763.0,337.0,1068.0,0.4287837183793289
Orissa,Baleswar,6.0,2.0,6.0,0.0014592752752557987
Orissa,Bargarh,722.0,82.0,260.0,0.1755994581224478
Orissa,Baudh,4.0,4.0,0.0,0.0009728501835038659
Orissa,Bhadrak,2362.0,332.0,1564.0,0.5744680333590327
Orissa,Cuttack,1938.0,265.0,1033.0,0.47134591390762304
Orissa,Debagarh,7.0,7.0,2.0,0.0017024878211317652
Orissa,Dhenkanal,634.0,108.0,441.0,0.15419675408536276
Orissa,Gajapati,63.0,8.0,9.0,0.015322390390185887
Orissa,Ganjam,3926.0,354.0,1719.0,0.9548524551090444
Orissa,Jagatsinghapur,78.0,31.0,57.0,0.018970578578325382
Orissa,Jajapur,433.0,93.0,165.0,0.10531103236429348
Orissa,Jajapur  *,3.0,0.0,0.0,0.0007296376376278994
Orissa,Jharsuguda,103.0,25.0,20.0,0.025050892225224546
Orissa,Kalahandi,18.0,11.0,3.0,0.004377825825767396
Orissa,Kandhamal,261.0,30.0,39.0,0.06347847447362724
Orissa,Kendrapara,221.0,49.0,47.0,0.05374997263858859
Orissa,Kendrapara *,0.0,1.0,0.0,0.0
Orissa,Kendujhar,361.0,39.0,53.0,0.0877997290612239
Orissa,Khorda,5.0,1.0,2.0,0.0012160627293798323
Orissa,Khordha,3843.0,629.0,1868.0,0.9346658138013392
Orissa,Khordha  *,0.0,0.0,0.0,0.0
Orissa,Koraput,799.0,94.0,229.0,0.1943268241548972
Orissa,Malkangiri,203.0,40.0,51.0,0.04937214681282119
Orissa,Mayurbhanj,44.0,31.0,12.0,0.010701352018542524
Orissa,Nabarangapur,13.0,1.0,0.0,0.0031617630963875643
Orissa,Nayagarh,570.0,92.0,361.0,0.13863115114930089
Orissa,Nuapada,2.0,2.0,0.0,0.00048642509175193295
Orissa,Puri,1911.0,194.0,861.0,0.46477917516897194
Orissa,Rayagada,875.0,146.0,162.0,0.21281097764147064
Orissa,Sambalpur,231.0,21.0,22.0,0.056182098097348254
Orissa,Sonapur,94.0,22.0,18.0,0.02286197931234085
Orissa,Subarnapur,47.0,6.0,12.0,0.011430989656170424
Orissa,Sundargarh,617.0,121.0,180.0,0.1500621408054713
Orissa,Sundergarh,1.0,0.0,0.0,0.00024321254587596647
Pondicherry,Cuddalore,0.0,0.0,0.0,0.0
Pondicherry,Karaikal,870.0,154.0,160.0,0.21159491491209081
Pondicherry,Pondicherry,5755.0,1015.0,5050.0,1.3996882015161871
Pondicherry,Viluppuram,0.0,0.0,3.0,0.0
Pondicherry,Yanam,227.0,24.0,5.0,0.05520924791384439
Puducherry,Karaikal,4081.0,363.0,5587.0,0.9925503997198191
Puducherry,Pondicherry,21.0,3.0,6.0,0.005107463463395296
Puducherry,Puducherry,17038.0,1213.0,16187.0,4.143855356634717
Puducherry,Yanam,75.0,6.0,48.0,0.018240940940697486
Punjab,Amritsar,92676.0,7633.0,56802.0,22.539965901601068
Punjab,Barnala,12827.0,926.0,16109.0,3.119687325951022
Punjab,Bathinda,35376.0,2388.0,42639.0,8.60388702290819
Punjab,Faridkot,13896.0,793.0,15023.0,3.3796815374924303
Punjab,Fatehgarh Sahib,14414.0,891.0,17318.0,3.5056656362561807
Punjab,Fazilka,29626.0,1630.0,29691.0,7.205414884121382
Punjab,Ferozepur,26320.0,1262.0,24604.0,6.401354207455437
Punjab,Firozpur,6365.0,347.0,1965.0,1.5480478545005265
Punjab,Gurdaspur,67125.0,4436.0,40136.0,16.32564214192425
Punjab,Hoshiarpur,43431.0,3515.0,33856.0,10.5629640799391
Punjab,Jalandhar,48136.0,3314.0,50422.0,11.707279108285523
Punjab,Kapurthala,13101.0,2067.0,18246.0,3.186327563521037
Punjab,Ludhiana,112339.0,12209.0,81491.0,27.322254191160194
Punjab,Malerkotla,14062.0,711.0,5712.0,3.4200548201078402
Punjab,Mansa,22187.0,998.0,22379.0,5.396156755350068
Punjab,Moga,22742.0,1335.0,23084.0,5.53113971831123
Punjab,Muktsar,3449.0,306.0,923.0,0.8388400707262083
Punjab,Nawanshahr,2931.0,169.0,179.0,0.7128559719624578
Punjab,Pathankot,13220.0,1033.0,12987.0,3.2152698564802766
Punjab,Patiala,81662.0,4298.0,54972.0,19.861222921323176
Punjab,Rupnagar,12699.0,1140.0,17432.0,3.088556120078898
Punjab,S.A.S Nagar,0.0,493.0,0.0,0.0
Punjab,S.A.S Nagar(Mohali),2271.0,241.0,351.0,0.5523356916843198
Punjab,SAS Nagar (Mohali),53482.0,2398.0,30755.0,13.007493378538438
Punjab,Sangrur,28511.0,2087.0,37125.0,6.93423289546968
Punjab,Shaheed Bhagat Singh Nagar,5775.0,801.0,13729.0,1.4045524524337063
Punjab,Sri Muktsar Sahib,20147.0,1157.0,25553.0,4.900003161763097
Punjab,Tarn Taran,26259.0,2646.0,26674.0,6.3865182421570035
Puttenahalli,5th cross,1.0,0.0,0.0,0.00024321254587596647
Raja Annamalai Puram,Near Dhyana Ashram,1.0,0.0,0.0,0.00024321254587596647
Rajasthan,Ajmer,111713.0,9200.0,78270.0,27.17000313744184
Rajasthan,Alwar,129333.0,15764.0,124960.0,31.455408195776368
Rajasthan,Balotra,477.0,1.0,0.0,0.116012384382836
Rajasthan,Banswara,96240.0,4203.0,52757.0,23.406775415103013
Rajasthan,Baran,72385.0,4532.0,41044.0,17.604940133231832
Rajasthan,Barmer,101808.0,10522.0,114905.0,24.760982870540392
Rajasthan,Beawar,486.0,1.0,2.0,0.11820129729571971
Rajasthan,Bharatpur,95080.0,10236.0,78011.0,23.124648861886893
Rajasthan,Bhilwara,90693.0,7865.0,63856.0,22.057675423129027
Rajasthan,Bikaner,72638.0,7464.0,62218.0,17.666472907338452
Rajasthan,Bundi,44385.0,3414.0,32954.0,10.794988848704772
Rajasthan,Chittaurgarh,1979.0,286.0,569.0,0.48131762828853764
Rajasthan,Chittorgarh,56413.0,3698.0,35481.0,13.720349350500896
Rajasthan,Churu,68052.0,7888.0,67446.0,16.55110017195127
Rajasthan,Dausa,44220.0,4277.0,56018.0,10.754858778635237
Rajasthan,Deeg,226.0,13.0,4.0,0.054966035367968416
Rajasthan,Deeg ,956.0,1.0,3.0,0.23251119385742394
Rajasthan,Dhaulpur,473.0,93.0,117.0,0.11503953419933215
Rajasthan,Dholpur,68700.0,5719.0,47710.0,16.708701901678896
Rajasthan,Didwana-Kuchaman,654.0,2.0,1.0,0.15906100500288206
Rajasthan,Dungarpur,90978.0,3869.0,51452.0,22.126990998703675
Rajasthan,Ganganagar,63690.0,4186.0,46082.0,15.490207046840304
Rajasthan,Hanumangarh,70339.0,3628.0,43250.0,17.107327264369605
Rajasthan,Jaipur,245796.0,21436.0,158293.0,59.780670926129055
Rajasthan,Jaisalmer,19280.0,1683.0,25276.0,4.689137884488633
Rajasthan,Jalor,62425.0,7882.0,51608.0,15.182543176307206
Rajasthan,Jalore,979.0,298.0,3.0,0.23810508241257117
Rajasthan,Jhalawar,74861.0,4978.0,42460.0,18.207134396820727
Rajasthan,Jhunjhunu,2602.0,210.0,541.0,0.6328390443692647
Rajasthan,Jhunjhunun,48821.0,5749.0,48082.0,11.873879702210559
Rajasthan,Jodhpur,128488.0,14563.0,114854.0,31.249893594511178
Rajasthan,Karauli,51169.0,5857.0,49784.0,12.44494275992733
Rajasthan,Khairthal-Tijara,984.0,0.0,4.0,0.239321145141951
Rajasthan,Kota,83991.0,5545.0,47161.0,20.4276649406683
Rajasthan,Kotputli-Behror,480.0,0.0,1.0,0.1167420220204639
Rajasthan,Nagaur,93084.0,11618.0,104709.0,22.639196620318465
Rajasthan,Pali,60939.0,6300.0,70502.0,14.821129333135522
Rajasthan,Phalodi,190.0,0.0,0.0,0.04621038371643363
Rajasthan,Pratapgarh,45108.0,2643.0,32886.0,10.970831519373094
Rajasthan,Rajsamand,42547.0,3078.0,33770.0,10.347964189384745
Rajasthan,Salumbar,193.0,1.0,0.0,0.04694002135406153
Rajasthan,Sawai Madhopur,40538.0,4575.0,42901.0,9.85935018471993
Rajasthan,Sikar,69303.0,8163.0,73998.0,16.855359066842105
Rajasthan,Sirohi,37490.0,5500.0,35757.0,9.118038344889982
Rajasthan,Tonk,50653.0,4198.0,41737.0,12.319445086255328
Rajasthan,Udaipur,118552.0,8641.0,95310.0,28.83333373868758
Sikkim,East,5461.0,215.0,2428.0,1.328183713028653
Sikkim,East Sikkim,3164.0,184.0,2607.0,0.769524495151558
Sikkim,Mangan,67.0,0.0,0.0,0.016295240573689754
Sikkim,Namchi,276.0,3.0,0.0,0.06712666266176674
Sikkim,North,397.0,34.0,152.0,0.09655538071275868
Sikkim,North Sikkim,387.0,45.0,636.0,0.09412325525399902
Sikkim,South,3583.0,88.0,1018.0,0.8714305518735879
Sikkim,South Sikkim,1276.0,187.0,1299.0,0.31033920853773317
Sikkim,West,2359.0,92.0,1530.0,0.5737383957214048
Sikkim,West Sikkim,1815.0,206.0,2262.0,0.44143077076487913
Tamil Nadu,Ariyalur,18815.0,1927.0,31344.0,4.576044050656309
Tamil Nadu,Chengalpattu,19282.0,862.0,3965.0,4.689624309580386
Tamil Nadu,Chennai,130441.0,7686.0,112681.0,31.72488769660694
Tamil Nadu,Coimbatore,104412.0,7139.0,75352.0,25.39430834000141
Tamil Nadu,Cuddalore,70377.0,7493.0,90307.0,17.116569341112893
Tamil Nadu,Dharmapuri,34178.0,4840.0,67201.0,8.312518392948782
Tamil Nadu,Dindigul,49069.0,4678.0,65029.0,11.934196413587799
Tamil Nadu,Erode,60588.0,4964.0,64193.0,14.735761729533056
Tamil Nadu,Kallakurichi,9205.0,877.0,2550.0,2.238771484788271
Tamil Nadu,Kancheepuram,121601.0,9629.0,120462.0,29.574888791063398
Tamil Nadu,Kanchipuram,8.0,277.0,1.0,0.0019457003670077318
Tamil Nadu,Kanniyakumari,32451.0,2139.0,27515.0,7.8924903262209885
Tamil Nadu,Kanyakumari,16676.0,1896.0,21726.0,4.055812415027617
Tamil Nadu,Karur,23754.0,3362.0,27884.0,5.777270814737707
Tamil Nadu,Krishnagiri,52627.0,4157.0,73365.0,12.799546651814486
Tamil Nadu,Madurai,90922.0,8875.0,100202.0,22.113371096134625
Tamil Nadu,Mayiladuthurai,3132.0,437.0,3442.0,0.761741693683527
Tamil Nadu,Nagapattinam,34068.0,3315.0,35304.0,8.285765012902425
Tamil Nadu,Namakkal,36807.0,4257.0,47020.0,8.951924176056698
Tamil Nadu,Namakkal   *,0.0,0.0,0.0,0.0
Tamil Nadu,Perambalur,12354.0,1898.0,25143.0,3.00464779175169
Tamil Nadu,Pudukkottai,44710.0,5339.0,52246.0,10.87403292611446
Tamil Nadu,Ramanathapuram,33134.0,3318.0,45471.0,8.058604495054272
Tamil Nadu,Ranipet,1200.0,97.0,423.0,0.2918550550511598
Tamil Nadu,Salem,90884.0,8417.0,118161.0,22.104129019391337
Tamil Nadu,Sivaganga,28905.0,3740.0,43566.0,7.03005863854481
Tamil Nadu,Tenkasi,8195.0,1150.0,7560.0,1.9931268134535451
Tamil Nadu,Thanjavur,65210.0,5881.0,71305.0,15.859890116571773
Tamil Nadu,The Nilgiris,12853.0,1279.0,22599.0,3.1260108521437973
Tamil Nadu,Theni,33858.0,2908.0,38916.0,8.234690378268471
Tamil Nadu,Thiruvallur,1719.0,461.0,939.0,0.41808236636078633
Tamil Nadu,Thiruvarur,32739.0,3346.0,36203.0,7.962535539433266
Tamil Nadu,Thoothukkudi,37868.0,4439.0,70728.0,9.209972687231097
Tamil Nadu,Tiruchirappalli,62387.0,8396.0,71253.0,15.173301099563922
Tamil Nadu,Tirunelveli,65176.0,8303.0,97249.0,15.851620890011992
Tamil Nadu,Tirupathur,83.0,4.0,50.0,0.020186641307705217
Tamil Nadu,Tirupattur,8163.0,944.0,8965.0,1.9853440119855144
Tamil Nadu,Tiruppur,73372.0,5078.0,71207.0,17.84499091601141
Tamil Nadu,Tiruvallur,130089.0,8712.0,125834.0,31.6392768804586
Tamil Nadu,Tiruvannamalai,55967.0,6556.0,82696.0,13.611876555040215
Tamil Nadu,Tiruvarur,2.0,1.0,0.0,0.00048642509175193295
Tamil Nadu,Tuticorin,4.0,1.0,1.0,0.0009728501835038659
Tamil Nadu,Vellore,77505.0,8271.0,99121.0,18.85018836811678
Tamil Nadu,Villupuram,29580.0,5854.0,85898.0,7.194227107011088
Tamil Nadu,Viluppuram,33539.0,4341.0,22410.0,8.15710557613404
Tamil Nadu,Virudhunagar,48681.0,4769.0,59765.0,11.839829945787923
Tamilnadu,Chennai,0.0,0.0,1.0,0.0
Telangana,Adilabad,39597.0,2517.0,44923.0,9.630487179050643
Telangana,Bhadradri Kothagudem,28170.0,2490.0,11882.0,6.851297417325976
Telangana,Hanumakonda,17061.0,916.0,1831.0,4.149449245189864
Telangana,Hyderabad,184522.0,19721.0,133421.0,44.87806539012508
Telangana,Jagitial,14334.0,1488.0,6634.0,3.4862086325861035
Telangana,Jangaon,709.0,66.0,128.0,0.17243769502606024
Telangana,Jangoan,15339.0,892.0,3951.0,3.7306372411914492
Telangana,Jayashankar Bhupalpally,14881.0,670.0,2077.0,3.6192458951802573
Telangana,Jogulamba Gadwal,26733.0,1543.0,6006.0,6.501800988902212
Telangana,K.v. Rangareddy,165711.0,13564.0,122856.0,40.30299418965228
Telangana,Kamareddy,20904.0,1862.0,7963.0,5.084115058991203
Telangana,Karimnagar,68602.0,5115.0,68569.0,16.684867072183053
Telangana,Khammam,45656.0,2800.0,44451.0,11.104111994513124
Telangana,Komaram Bheem,23729.0,917.0,4930.0,5.771190501090808
Telangana,Mahabubabad,20797.0,1249.0,5922.0,5.058091316582475
Telangana,Mahabubnagar,73557.0,7689.0,104613.0,17.889985236998466
Telangana,Mancherial,24061.0,924.0,7258.0,5.851937066321629
Telangana,Medak,46040.0,6158.0,66461.0,11.197505612129497
Telangana,Medchal Malkajgiri,0.0,409.0,0.0,0.0
Telangana,Medchal-malkajgiri,71470.0,3064.0,13800.0,17.382400653755322
Telangana,Medchal?malkajgiri,261.0,1.0,490.0,0.06347847447362724
Telangana,Medchalâmalkajgiri,1.0,0.0,0.0,0.00024321254587596647
Telangana,Medchal−malkajgiri,1252.0,445.0,3466.0,0.30450210743671
Telangana,Mulugu,10380.0,700.0,2353.0,2.5245462261925318
Telangana,Nagarkurnool,17359.0,1077.0,7210.0,4.221926583860903
Telangana,Nalgonda,66588.0,5405.0,80121.0,16.195037004788855
Telangana,Narayanpet,14386.0,1082.0,2929.0,3.498855684971654
Telangana,Nirmal,29327.0,1292.0,6240.0,7.132694332904468
Telangana,Nizamabad,55895.0,5985.0,63114.0,13.594365251737145
Telangana,Peddapalli,9008.0,513.0,2370.0,2.1908586132507057
Telangana,Rajanna Sircilla,9739.0,834.0,4367.0,2.368646984286037
Telangana,Ranga Reddy,0.0,181.0,0.0,0.0
Telangana,Rangareddy,4828.0,237.0,878.0,1.174230171489166
Telangana,Sangareddy,30851.0,2224.0,14012.0,7.503350252819442
Telangana,Siddipet,31495.0,1701.0,10041.0,7.6599791323635635
Telangana,Suryapet,41224.0,1743.0,9015.0,10.026193991190842
Telangana,Vikarabad,51676.0,2085.0,7987.0,12.568251520686443
Telangana,Wanaparthy,21013.0,1266.0,4693.0,5.110625226491684
Telangana,Warangal,23625.0,2462.0,54305.0,5.745896396319708
Telangana,Warangal (urban),110.0,6.0,4.0,0.026753380046356315
Telangana,Warangal Rural,16618.0,660.0,3736.0,4.041706087366811
Telangana,Warangal Urban,13757.0,585.0,4643.0,3.3458749936156704
Telangana,Yadadri.,36383.0,1380.0,6847.0,8.848802056605289
The Dadra And Nagar Haveli And Daman And Diu,Dadra And Nagar Haveli,0.0,548.0,0.0,0.0
Tripura,Dhalai,14091.0,777.0,20943.0,3.4271079839382432
Tripura,Dhalai  *,378.0,28.0,197.0,0.09193434234111532
Tripura,Gomati,8300.0,464.0,11757.0,2.0186641307705218
Tripura,Khowai,2997.0,196.0,7029.0,0.7289079999902714
Tripura,North Tripura,13873.0,1046.0,23177.0,3.374087648937283
Tripura,Sepahijala,14231.0,1121.0,13756.0,3.461157740360879
Tripura,South Tripura,28143.0,1348.0,22883.0,6.844730678587324
Tripura,Unakoti,3144.0,433.0,11699.0,0.7646602442340386
Tripura,West Tripura,41065.0,1963.0,36094.0,9.987523196396562
Uttar Pradesh,Agra,157476.0,16314.0,152308.0,38.30013887436369
Uttar Pradesh,Aligarh,170674.0,13830.0,144160.0,41.5100580548347
Uttar Pradesh,Allahabad,167503.0,7254.0,177827.0,40.73883107186201
Uttar Pradesh,Ambedkar Nagar,67720.0,3856.0,53320.0,16.47035360672045
Uttar Pradesh,Amethi,68998.0,3890.0,57942.0,16.781179240349932
Uttar Pradesh,Amroha,83025.0,5605.0,64902.0,20.192721621352117
Uttar Pradesh,Auraiya,46178.0,2169.0,43638.0,11.231068943460379
Uttar Pradesh,Auraiya *,0.0,0.0,1.0,0.0
Uttar Pradesh,Ayodhya,13526.0,1027.0,3617.0,3.2896928955183222
Uttar Pradesh,Azamgarh,141977.0,6717.0,95316.0,34.53058762583209
Uttar Pradesh,Baghpat,49700.0,3482.0,37736.0,12.087663530035533
Uttar Pradesh,Baghpat *,2.0,0.0,0.0,0.00048642509175193295
Uttar Pradesh,Bagpat,8.0,0.0,2.0,0.0019457003670077318
Uttar Pradesh,Bahraich,119296.0,14674.0,131149.0,29.014283872819295
Uttar Pradesh,Ballia,92140.0,4079.0,77756.0,22.40960397701155
Uttar Pradesh,Balrampur,72758.0,4181.0,66623.0,17.695658412843567
Uttar Pradesh,Banda,64150.0,4825.0,58396.0,15.602084817943249
Uttar Pradesh,Bara Banki,101238.0,5776.0,114423.0,24.62235171939109
Uttar Pradesh,Barabanki,4799.0,1401.0,789.0,1.167177007658763
Uttar Pradesh,Bareilly,220300.0,17187.0,166397.0,53.57972385647541
Uttar Pradesh,Basti,75846.0,4823.0,69272.0,18.446698754508553
Uttar Pradesh,Bhadohi,10317.0,265.0,3621.0,2.509223835802346
Uttar Pradesh,Bijnor,209514.0,12935.0,143040.0,50.956433336657234
Uttar Pradesh,Budaun,156943.0,7773.0,77268.0,38.17050658741181
Uttar Pradesh,Bulandshahar,635.0,115.0,61.0,0.1544399666312387
Uttar Pradesh,Bulandshahr,156066.0,9155.0,133979.0,37.95720918467858
Uttar Pradesh,Chandauli,83550.0,4405.0,61634.0,20.320408207937
Uttar Pradesh,Chandauli *,0.0,0.0,0.0,0.0
Uttar Pradesh,Chitrakoot,40615.0,2951.0,42495.0,9.878077550752378
Uttar Pradesh,Chitrakoot *,1.0,0.0,0.0,0.00024321254587596647
Uttar Pradesh,Deoria,96829.0,4700.0,78834.0,23.550027604623956
Uttar Pradesh,Etah,55711.0,6760.0,63551.0,13.549614143295969
Uttar Pradesh,Etawah,55440.0,4173.0,51467.0,13.483703543363582
Uttar Pradesh,Faizabad,63185.0,4052.0,65237.0,15.36738471117294
Uttar Pradesh,Farrukhabad,63850.0,2844.0,55262.0,15.52912105418046
Uttar Pradesh,Fatehpur,97695.0,6526.0,71340.0,23.760649669352542
Uttar Pradesh,Firozabad,127581.0,7250.0,81603.0,31.02929981540168
Uttar Pradesh,Gautam Buddha Nagar,138699.0,9002.0,49113.0,33.733336900450674
Uttar Pradesh,Gautam Buddha Nagar *,0.0,0.0,0.0,0.0
Uttar Pradesh,Ghaziabad,219179.0,11984.0,103385.0,53.30708259254845
Uttar Pradesh,Ghazipur,111342.0,4323.0,91279.0,27.07977128292186
Uttar Pradesh,Gonda,114930.0,7445.0,99643.0,27.95241789752483
Uttar Pradesh,Gorakhpur,140786.0,7454.0,81386.0,34.24092148369382
Uttar Pradesh,Hamirpur,39454.0,2040.0,36831.0,9.595707784990381
Uttar Pradesh,Hapur,39764.0,4450.0,39349.0,9.671103674211931
Uttar Pradesh,Hardoi,132119.0,12591.0,150577.0,32.13299834858681
Uttar Pradesh,Hathras,54680.0,3815.0,60241.0,13.298862008497847
Uttar Pradesh,Jalaun,56207.0,2791.0,46744.0,13.670247566050447
Uttar Pradesh,Jaunpur,136703.0,5400.0,109148.0,33.24788465888224
Uttar Pradesh,Jhansi,66250.0,4570.0,68211.0,16.112831164282778
Uttar Pradesh,Jyotiba Phule Nagar,599.0,61.0,20.0,0.1456843149797039
Uttar Pradesh,Jyotiba Phule Nagar *,1.0,0.0,0.0,0.00024321254587596647
Uttar Pradesh,Kannauj,53404.0,3083.0,49715.0,12.988522799960114
Uttar Pradesh,Kanpur Dehat,64779.0,4032.0,53708.0,15.755065509299232
Uttar Pradesh,Kanpur Nagar,156558.0,11427.0,92823.0,38.07686975724956
Uttar Pradesh,Kasganj,45355.0,3206.0,51039.0,11.030905018204459
Uttar Pradesh,Kaushambi,68214.0,4356.0,74241.0,16.590500604383177
Uttar Pradesh,Kheri,170938.0,11282.0,139638.0,41.574266166945954
Uttar Pradesh,Kushi Nagar,0.0,779.0,0.0,0.0
Uttar Pradesh,Kushinagar,148550.0,4449.0,81324.0,36.12922368987482
Uttar Pradesh,Kushinagar *,134.0,5.0,39.0,0.03259048114737951
Uttar Pradesh,Lalitpur,42730.0,3376.0,45154.0,10.392472085280048
Uttar Pradesh,Lucknow,193697.0,13739.0,123838.0,47.10954049853708
Uttar Pradesh,Maharajganj,97186.0,6132.0,58855.0,23.636854483501676
Uttar Pradesh,Mahoba,29671.0,1979.0,31178.0,7.216359448685801
Uttar Pradesh,Mahoba *,0.0,0.0,0.0,0.0
Uttar Pradesh,Mahrajganj,37.0,10.0,11.0,0.008998864197410758
Uttar Pradesh,Mainpuri,62889.0,5056.0,47533.0,15.295393797593654
Uttar Pradesh,Mathura,97981.0,5851.0,79993.0,23.83020845747307
Uttar Pradesh,Mau,77708.0,2590.0,46911.0,18.899560514929604
Uttar Pradesh,Meerut,153711.0,14177.0,109237.0,37.38444363914068
Uttar Pradesh,Mirzapur,78518.0,3536.0,73940.0,19.096562677089135
Uttar Pradesh,Moradabad,150136.0,15196.0,101759.0,36.5149587876341
Uttar Pradesh,Muzaffarnagar,123611.0,7250.0,113738.0,30.06374600827409
Uttar Pradesh,Pilibhit,125251.0,8791.0,94560.0,30.46261458351068
Uttar Pradesh,Pratapgarh,94358.0,5866.0,78855.0,22.949049403764445
Uttar Pradesh,Prayagraj,25906.0,1428.0,10696.0,6.300664213462786
Uttar Pradesh,Rae Bareli,97982.0,5812.0,83330.0,23.830451670018945
Uttar Pradesh,Raebareli,13.0,0.0,3.0,0.0031617630963875643
Uttar Pradesh,Rampur,143168.0,12051.0,83353.0,34.820253767970364
Uttar Pradesh,Saharanpur,154417.0,13708.0,114742.0,37.55615169652911
Uttar Pradesh,Sambhal,91472.0,4744.0,78323.0,22.247137996366405
Uttar Pradesh,Sant Kabir Nagar,71522.0,2789.0,53729.0,17.395047706140872
Uttar Pradesh,Sant Ravidas Nagar,43274.0,1869.0,44701.0,10.524779710236572
Uttar Pradesh,Sant Ravidas Nagar Bhadohi,277.0,37.0,47.0,0.0673698752076427
Uttar Pradesh,Shahjahanpur,136275.0,12811.0,114767.0,33.143789689247335
Uttar Pradesh,Shamli,68386.0,5530.0,65022.0,16.632333162273845
Uttar Pradesh,Shravasti,0.0,867.0,0.0,0.0
Uttar Pradesh,Shrawasti,58376.0,1816.0,35921.0,14.197775578055419
Uttar Pradesh,Siddharth Nagar,0.0,1603.0,0.0,0.0
Uttar Pradesh,Siddharthnagar,84354.0,4875.0,65033.0,20.515951094821276
Uttar Pradesh,Sitapur,157192.0,16237.0,200310.0,38.23106651133492
Uttar Pradesh,Sonbhadra,65203.0,2998.0,72009.0,15.858187628750642
Uttar Pradesh,Sultanpur,73102.0,5465.0,60800.0,17.7793235286249
Uttar Pradesh,Unnao,115402.0,9838.0,92856.0,28.067214219178283
Uttar Pradesh,Varanasi,144324.0,9479.0,102481.0,35.10140747100298
Uttarakhand,Almora,13943.0,1228.0,16853.0,3.391112527148601
Uttarakhand,Bageshwar,5994.0,675.0,8018.0,1.457815999980543
Uttarakhand,Chamoli,10611.0,1006.0,13657.0,2.5807283242898804
Uttarakhand,Champawat,11133.0,769.0,11728.0,2.707685273237135
Uttarakhand,Dehradun,75049.0,7797.0,65769.0,18.252858355445404
Uttarakhand,Garhwal,388.0,52.0,30.0,0.094366467799875
Uttarakhand,Hardwar,1155.0,118.0,196.0,0.28091049048674127
Uttarakhand,Haridwar,62121.0,4688.0,88084.0,15.108606562360913
Uttarakhand,Nainital,43007.0,3417.0,37930.0,10.45984196048769
Uttarakhand,Pauri Garhwal,18992.0,1677.0,24167.0,4.619092671276355
Uttarakhand,Pithoragarh,13164.0,1065.0,15610.0,3.201649953911222
Uttarakhand,Rudraprayag,7004.0,874.0,11684.0,1.7034606713152691
Uttarakhand,Tehri Garhwal,23151.0,2444.0,27362.0,5.630613649574499
Uttarakhand,Udham Singh Nagar,119374.0,5092.0,89690.0,29.03325445139762
Uttarakhand,Uttarkashi,8625.0,978.0,13663.0,2.0977082081802108
Uttaranchal,Almora,0.0,0.0,0.0,0.0
Uttaranchal,Garhwal,0.0,0.0,0.0,0.0
Uttaranchal,Tehri Garhwal,2.0,0.0,0.0,0.00048642509175193295
Uttaranchal,Udham Singh Nagar *,3.0,0.0,0.0,0.0007296376376278994
WEST BENGAL,HOOGHLY,44.0,3.0,1.0,0.010701352018542524
WEST BENGAL,HOWRAH,21.0,0.0,7.0,0.005107463463395296
WEST BENGAL,hooghly,4.0,0.0,0.0,0.0009728501835038659
WESTBENGAL,HOOGHLY,57.0,1.0,5.0,0.013863115114930087
West  Bengal,Hooghly,101.0,9.0,6.0,0.024564467133472614
West Bangal,Hooghly,92.0,5.0,10.0,0.022375554220588914
West Bangal,Howrah,48.0,2.0,5.0,0.01167420220204639
West Bangal,South 24 Parganas,13.0,0.0,0.0,0.0031617630963875643
West Bengal,24 Paraganas North,0.0,3177.0,0.0,0.0
West Bengal,24 Paraganas South,0.0,364.0,0.0,0.0
West Bengal,Alipurduar,9459.0,1521.0,3735.0,2.3005474714407668
West Bengal,Bally Jagachha,1.0,0.0,0.0,0.00024321254587596647
West Bengal,Bankura,136386.0,9083.0,53009.0,33.17078628183957
West Bengal,Barddhaman,160484.0,12816.0,78501.0,39.0317222123586
West Bengal,Bardhaman,22944.0,1345.0,2974.0,5.580268652578175
West Bengal,Birbhum,140111.0,13361.0,47630.0,34.07675301522754
West Bengal,Burdwan,0.0,2.0,1.0,0.0
West Bengal,Cooch Behar,112568.0,7262.0,20061.0,27.377949864165796
West Bengal,Coochbehar,0.0,2140.0,0.0,0.0
West Bengal,Dakshin Dinajpur,79280.0,5358.0,21351.0,19.281890637046622
West Bengal,Darjeeling,50880.0,3967.0,13781.0,12.374654334169174
West Bengal,Darjiling,8213.0,535.0,541.0,1.9975046392793123
West Bengal,Dinajpur Dakshin,0.0,707.0,0.0,0.0
West Bengal,Dinajpur Uttar,0.0,6478.0,0.0,0.0
West Bengal,Domjur,2.0,0.0,0.0,0.00048642509175193295
West Bengal,East Midnapore,24594.0,1796.0,7721.0,5.981569353273519
West Bengal,East Midnapur,18.0,1.0,0.0,0.004377825825767396
West Bengal,East midnapore,3.0,0.0,1.0,0.0007296376376278994
West Bengal,HOOGHLY,24.0,2.0,1.0,0.005837101101023195
West Bengal,HOWRAH,29.0,2.0,3.0,0.007053163830403027
West Bengal,Haora,39541.0,1943.0,5290.0,9.61686727648159
West Bengal,Hawrah,32.0,3.0,3.0,0.007782801468030927
West Bengal,Hooghiy,31.0,1.0,1.0,0.00753958892215496
West Bengal,Hooghly,172287.0,11132.0,70325.0,41.90235989133264
West Bengal,Howrah,101339.0,8137.0,43092.0,24.646916186524564
West Bengal,Hugli,1248.0,148.0,97.0,0.3035292572532061
West Bengal,Jalpaiguri,179007.0,5674.0,32134.0,43.53674819961913
West Bengal,Jhargram,6423.0,741.0,1747.0,1.5621541821613327
West Bengal,KOLKATA,23.0,0.0,1.0,0.0055938885551472285
West Bengal,Kalimpong,2177.0,176.0,442.0,0.529473712371979
West Bengal,Koch Bihar,70660.0,2227.0,2719.0,17.18539849159579
West Bengal,Kolkata,102860.0,5028.0,26755.0,25.016842468801908
West Bengal,MALDA,85.0,14.0,6.0,0.020673066399457152
West Bengal,Malda,178906.0,11775.0,38434.0,43.51218373248565
West Bengal,Maldah,21998.0,1190.0,3369.0,5.35018958417951
West Bengal,Medinipur,167.0,26.0,24.0,0.0406164951612864
West Bengal,Medinipur West,0.0,325.0,0.0,0.0
West Bengal,Murshidabad,340843.0,31442.0,90308.0,82.89729377400204
West Bengal,NADIA,18.0,3.0,0.0,0.004377825825767396
West Bengal,Nadia,182862.0,13244.0,51700.0,44.47433256397098
West Bengal,Naihati Anandabazar,2.0,0.0,0.0,0.00048642509175193295
West Bengal,North 24 Parganas,275457.0,21517.0,96368.0,66.9945982493561
West Bengal,North Dinajpur,4815.0,263.0,205.0,1.1710684083927785
West Bengal,North Twenty Four Parganas,19456.0,1226.0,2855.0,4.7319432925628035
West Bengal,Paschim Bardhaman,15281.0,865.0,3659.0,3.7165309135306432
West Bengal,Paschim Medinipur,199535.0,14240.0,69346.0,48.52941534136097
West Bengal,Purba Bardhaman,21987.0,2523.0,5236.0,5.347514246174875
West Bengal,Purba Medinipur,93569.0,12954.0,61435.0,22.757154705068306
West Bengal,Purulia,6924.0,539.0,979.0,1.6840036676451917
West Bengal,Puruliya,142695.0,9674.0,36223.0,34.70521423377104
West Bengal,South  Twenty Four Parganas,5.0,0.0,0.0,0.0012160627293798323
West Bengal,South 24 Pargana,15.0,1.0,1.0,0.0036481881881394967
West Bengal,South 24 Parganas,373409.0,25039.0,102758.0,90.81775354299876
West Bengal,South 24 pargana,12.0,0.0,1.0,0.0029185505505115975
West Bengal,South 24 parganas,24.0,2.0,0.0,0.005837101101023195
West Bengal,South Dinajpur,6740.0,375.0,554.0,1.6392525592040141
West Bengal,South DumDum(M),8.0,0.0,0.0,0.0019457003670077318
West Bengal,South Twenty Four Parganas,41252.0,2978.0,7977.0,10.033003942475368
West Bengal,Uttar Dinajpur,252655.0,18397.0,32722.0,61.44886577829231
West Bengal,West Medinipur,12.0,1.0,1.0,0.0029185505505115975
West Bengal,West Midnapore,30225.0,1647.0,4390.0,7.351099199101087
West Bengal,east midnapore,1.0,0.0,0.0,0.00024321254587596647
West Bengal,hooghly,29.0,2.0,3.0,0.007053163830403027
West Bengal,nadia,12.0,2.0,0.0,0.0029185505505115975
West Bengli,Hooghly,3.0,0.0,0.0,0.0007296376376278994
West bengal,Hooghly,6.0,0.0,0.0,0.0014592752752557987
West bengal,South 24 Parganas,11.0,0.0,0.0,0.002675338004635631
West bengal,hooghly,43.0,6.0,5.0,0.010458139472666559
Westbengal,Hooghly,87.0,3.0,2.0,0.021159491491209083
Westbengal,Howrah,8.0,0.0,0.0,0.0019457003670077318
andhra pradesh,chittoor,52.0,4.0,17.0,0.012647052385550257
andhra pradesh,rangareddi,20.0,1.0,2.0,0.004864250917519329
odisha,Gajapati,20.0,0.0,0.0,0.004864250917519329
west Bengal,South 24 Parganas,15.0,0.0,1.0,0.0036481881881394967
